f [Hz],gain [dB],phase [°]
99.875,-34.669996889260894,-29.15138439006984
502.232,-36.64641211409033,-13.322841633169073
