f [Hz],gain [dB],phase [°]
99.875,-32.09523852562412,57.928534333065066
502.232,-31.78812942367727,57.53252865653639
