f [Hz],gain [dB],phase [°]
99.875,-39.674448277912326,-24.49537968108536
502.232,-42.41479907114708,-13.951163124831647
