f [Hz],U2 [V],Ts [us]
99.875,0.575931,8.335071428571428
502.232,0.575762,8.335071428571428
