f [Hz],gain [dB],phase [°]
99.87549,-1.570488012760565,-32.16693584026128
502.23193,-10.585275413168244,-72.60539055345815
