f [Hz],gain [dB],phase [°]
99.87549,-1.6528619184717779,-32.196699985334355
502.23193,-10.672699589783841,-72.5628444469871
