f [Hz],gain [dB],phase [°]
99.87549,-1.5716344185773057,-32.1598021968271
502.23193,-10.583893880712388,-72.59406191985768
