f [Hz],gain [dB],phase [°]
99.875,-1.565779712603874,-32.08741227033902
502.232,-10.570331411569471,-72.50283256780224
